state_id,store_id,Sporting_event,revenue
CA,CA_3,NBAFinalsEnd,80139.79000000097
CA,CA_3,NBAFinalsStart,77011.36000000082
CA,CA_3,SuperBowl,118549.35000000196
TX,TX_2,NBAFinalsEnd,50941.31000000066
TX,TX_2,NBAFinalsStart,48752.110000000655
TX,TX_2,SuperBowl,81439.86000000137
WI,WI_3,NBAFinalsEnd,42325.75000000018
WI,WI_2,NBAFinalsStart,46977.30000000043
WI,WI_3,SuperBowl,69780.65000000117
