state_id,store_id,Sporting_event,revenue
CA,CA_4,NBAFinalsEnd,31456.209999999664
CA,CA_4,NBAFinalsStart,30185.639999999636
CA,CA_4,SuperBowl,43410.410000000316
TX,TX_1,NBAFinalsEnd,41431.390000000254
TX,TX_1,NBAFinalsStart,37913.170000000086
TX,TX_1,SuperBowl,63893.63000000109
WI,WI_1,NBAFinalsEnd,35324.179999999884
WI,WI_1,NBAFinalsStart,33812.44999999965
WI,WI_1,SuperBowl,49658.46000000053
