state_id,store_id,Religious_event,revenue
CA,CA_3,OrthodoxEaster,123110.0700000018
CA,CA_3,Purim End,109273.76000000144
CA,CA_3,Pesach End,105708.3700000017
TX,TX_2,OrthodoxEaster,83349.31000000155
TX,TX_3,OrthodoxEaster,70039.0900000008
TX,TX_2,Purim End,69103.17000000118
WI,WI_3,OrthodoxEaster,62593.430000001164
WI,WI_3,Pesach End,60315.260000001166
WI,WI_2,LentStart,58391.87000000059
