state_id,dept_id,revenue
TX,FOODS_3,21281462.340210248
TX,HOUSEHOLD_1,12813205.810066279
TX,FOODS_2,7324840.340012199
