state_id,dept_id,revenue
CA,FOODS_3,32675308.11037052
CA,HOUSEHOLD_1,19095060.760153893
CA,HOBBIES_1,10510184.200041002
