state_id,cat_id,dept_id,revenue
CA,FOODS,FOODS_3,32675308.11037052
CA,HOUSEHOLD,HOUSEHOLD_1,19095060.760153893
CA,HOBBIES,HOBBIES_1,10510184.200041002
TX,FOODS,FOODS_3,21281462.340210248
TX,HOUSEHOLD,HOUSEHOLD_1,12813205.810066279
TX,FOODS,FOODS_2,7324840.340012199
WI,FOODS,FOODS_3,19618771.440209255
WI,HOUSEHOLD,HOUSEHOLD_1,10986845.550061507
WI,FOODS,FOODS_2,8483066.370013896
