state_id,dept_id,revenue
WI,FOODS_3,19618771.440209255
WI,HOUSEHOLD_1,10986845.550061507
WI,FOODS_2,8483066.370013896
