state_id,store_id,event,revenue
CA,CA_3,NewYear,124827.3200000023
CA,CA_3,OrthodoxEaster,123110.0700000018
CA,CA_3,SuperBowl,118549.35000000196
CA,CA_3,Easter,113937.81000000166
CA,CA_3,PresidentsDay,112095.78000000182
