state_id,store_id,revenue
CA,CA_4,12672568.700128108
TX,TX_1,16311209.060144952
WI,WI_1,15391501.90015242
