state_id,revenue,sale_quantity
CA,87431800.93816335,29686912
TX,56063018.05913876,19553438
WI,51384145.95943576,18825015
