state_id,store_id,revenue,sale_quantity
CA,CA_1,23358871.97019808,7967729
CA,CA_2,18153322.570176635,5916097
CA,CA_3,33247037.70020725,11552290
CA,CA_4,12672568.700128108,4250796
TX,TX_1,16311209.060144952,5788636
TX,TX_2,21252786.440164417,7455207
TX,TX_3,18499022.56014941,6309595
WI,WI_1,15391501.90015242,5358859
WI,WI_2,18435178.790150963,6810178
WI,WI_3,17557465.270176925,6655978
